Link,Player,College,Pick,Position,Team,Year
https://www.nfl.com/prospects/melvin-gordon/3200474f-5227-5321-5a9f-5d54a292e030,Melvin Gordon,WISCONSIN,15,RB,Los Angeles Chargers,2015
https://www.nfl.com/prospects/todd-gurley/32004755-5200-0000-f496-e727c8f2225d,Todd Gurley,GEORGIA,10,RB,Los Angeles Rams,2015
https://www.nfl.com/prospects/tevin-coleman/3200434f-4c35-9050-eb7e-20c726e53f5b,Tevin Coleman,INDIANA,73,RB,Atlanta Falcons,2015
https://www.nfl.com/prospects/ameer-abdullah/32004142-4464-7726-b649-e09413abd27c,Ameer Abdullah,NEBRASKA,54,RB,Detroit Lions,2015
https://www.nfl.com/prospects/jay-ajayi/3200414a-4177-1256-2431-b2af057c0b9d,Jay Ajayi,BOISE STATE,141,RB,Miami Dolphins,2015
https://www.nfl.com/prospects/duke-johnson/32004a4f-4800-0009-3d52-7d0c4c49cdd8,Duke Johnson,MIAMI,77,RB,Cleveland Browns,2015
https://www.nfl.com/prospects/t-j-yeldon/32005945-4c06-0186-cd0f-a93c74a0d6a6,T.J. Yeldon,ALABAMA,36,RB,Jacksonville Jaguars,2015
https://www.nfl.com/prospects/cameron-artis-payne/32004152-5438-7205-b9ec-41e76cfc932f,Cameron Artis-Payne,AUBURN,166,RB,Carolina Panthers,2015
https://www.nfl.com/prospects/david-cobb/3200434f-4214-1451-fb68-cb1e508304a2,David Cobb,MINNESOTA,130,RB,Tennessee Titans,2015
https://www.nfl.com/prospects/mike-davis/32004441-5656-7050-90fa-b554877db5f4,Mike Davis,SOUTH CAROLINA,123,RB,San Francisco 49ers,2015
https://www.nfl.com/prospects/javorius-allen/3200414c-4c46-9092-5c78-2e9c81c3e122,Javorius Allen,USC,122,RB,Baltimore Ravens,2015
https://www.nfl.com/prospects/david-johnson/32004a4f-4817-4477-4e5f-db6fb5a95abe,David Johnson,NORTHERN IOWA,86,RB,Arizona Cardinals,2015
https://www.nfl.com/prospects/matt-jones/32004a4f-4e60-3219-485e-36655170f13d,Matt Jones,FLORIDA,95,RB,Washington Commanders,2015
https://www.nfl.com/prospects/jeremy-langford/32004c41-4e55-0009-7df2-5868ebab3d73,Jeremy Langford,MICHIGAN STATE,103,RB,Chicago Bears,2015
https://www.nfl.com/prospects/marcus-murphy/32004d55-5251-7528-c408-6a8d935ecd3b,Marcus Murphy,MISSOURI,205,RB,New Orleans Saints,2015
https://www.nfl.com/prospects/karlos-williams/32005749-4c39-8250-3203-7c4584bc633d,Karlos Williams,FLORIDA STATE,147,RB,Buffalo Bills,2015
https://www.nfl.com/prospects/josh-robinson/3200524f-4259-0769-ff79-05ec4b6720ae,Josh Robinson,MISSISSIPPI STATE,189,RB,Indianapolis Colts,2015
https://www.nfl.com/prospects/kenny-hilliard/32004849-4c71-9831-c364-d5ae91d8774f,Kenny Hilliard,LSU,210,RB,Houston Texans,2015
https://www.nfl.com/prospects/joey-iosefa/3200494f-5317-7981-243b-b3fe47c0d5d1,Joey Iosefa,HAWAII,206,RB,Tampa Bay Buccaneers,2015
https://www.nfl.com/prospects/ezekiel-elliott/3200454c-4c28-9284-cdcc-74694c8d1749,Ezekiel Elliott,OHIO STATE,4,RB,Dallas Cowboys,2016
https://www.nfl.com/prospects/derrick-henry/32004845-4e60-2843-9b64-3cd8fac319c3,Derrick Henry,ALABAMA,46,RB,Tennessee Titans,2016
https://www.nfl.com/prospects/jordan-howard/3200484f-5723-9418-9826-088b7176f34d,Jordan Howard,INDIANA,139,RB,Chicago Bears,2016
https://www.nfl.com/prospects/devontae-booker/3200424f-4f01-9902-c146-57fda0468e8d,Devontae Booker,UTAH,134,RB,Denver Broncos,2016
https://www.nfl.com/prospects/alex-collins/3200434f-4c47-9374-2540-96fa3f4d7768,Alex Collins,ARKANSAS,160,RB,Seattle Seahawks,2016
https://www.nfl.com/prospects/kenneth-dixon/32004449-5844-0855-fbe7-7426a38c0ffc,Kenneth Dixon,LOUISIANA TECH,132,RB,Baltimore Ravens,2016
https://www.nfl.com/prospects/paul-perkins/32005045-5222-7681-78c6-eac7d46b0bc6,Paul Perkins,UCLA,138,RB,New York Giants,2016
https://www.nfl.com/prospects/c-j-prosise/32005052-4f49-4028-a668-879fa0d6643e,C.J. Prosise,NOTRE DAME,91,RB,Seattle Seahawks,2016
https://www.nfl.com/prospects/jonathan-williams/32005749-4c38-4555-6a9c-d6163c44fa20,Jonathan Williams,ARKANSAS,145,RB,Buffalo Bills,2016
https://www.nfl.com/prospects/kenyan-drake/32004452-4128-0410-f1a5-770c8d09e9d7,Kenyan Drake,ALABAMA,74,RB,Miami Dolphins,2016
https://www.nfl.com/prospects/kelvin-taylor/32005441-5946-7820-5e1f-3c56d984a761,Kelvin Taylor,FLORIDA,196,RB,San Francisco 49ers,2016
https://www.nfl.com/prospects/keith-marshall/32004d41-5242-9932-6591-d4257e052794,Keith Marshall,GEORGIA,213,RB,Washington Commanders,2016
https://www.nfl.com/prospects/tyler-ervin/32004552-5628-6234-1c45-769c30ad612c,Tyler Ervin,SAN JOSE STATE,117,RB,Houston Texans,2016
https://www.nfl.com/prospects/wendell-smallwood/3200534d-4175-7345-1798-ca2c5a6fb11a,Wendell Smallwood,WEST VIRGINIA,142,RB,Philadelphia Eagles,2016
https://www.nfl.com/prospects/dwayne-washington/32005741-5323-1679-ae1c-92a750c047c4,Dwayne Washington,WASHINGTON,207,RB,Detroit Lions,2016
https://www.nfl.com/prospects/daniel-lasco/32004c41-5307-6669-f088-9a95323a5fc9,Daniel Lasco,CALIFORNIA,208,RB,New Orleans Saints,2016
https://www.nfl.com/prospects/zac-brooks/32004252-4f18-6507-81f2-3066dc355ee9,Zac Brooks,CLEMSON,218,RB,Seattle Seahawks,2016
https://www.nfl.com/prospects/darius-jackson/32004a41-4312-0072-16d9-08cdf91175a1,Darius Jackson,EASTERN MICHIGAN,201,RB,Dallas Cowboys,2016
https://www.nfl.com/prospects/keenan-reynolds/32005245-5940-6954-ff5d-334e27e0f187,Keenan Reynolds,NAVY,167,RB,Baltimore Ravens,2016
https://www.nfl.com/prospects/deandre-washington/32005741-5300-0000-c099-0198d3a23e0a,DeAndre Washington,TEXAS TECH,132,RB,Las Vegas Raiders,2016
https://www.nfl.com/prospects/leonard-fournette/3200464f-5556-4970-e13e-15f65e552496,Leonard Fournette,LSU,4,RB,Jacksonville Jaguars,2017
https://www.nfl.com/prospects/dalvin-cook/3200434f-4f04-7079-ca3d-32c8b4ce8a9a,Dalvin Cook,FLORIDA STATE,41,RB,Minnesota Vikings,2017
https://www.nfl.com/prospects/alvin-kamara/32004b41-4d24-4058-5a3b-01bd39e6a25d,Alvin Kamara,TENNESSEE,67,RB,New Orleans Saints,2017
https://www.nfl.com/prospects/christian-mccaffrey/32004d43-4303-5988-790d-0077d6a4692b,Christian McCaffrey,STANFORD,8,RB,Carolina Panthers,2017
https://www.nfl.com/prospects/joe-mixon/32004d49-5856-4388-c611-05b6fcff1d1d,Joe Mixon,OKLAHOMA,48,RB,Cincinnati Bengals,2017
https://www.nfl.com/prospects/d-onta-foreman/3200464f-5239-2618-71de-9b22c3939617,D'Onta Foreman,TEXAS,89,RB,Houston Texans,2017
https://www.nfl.com/prospects/kareem-hunt/32004855-4e30-8934-bd0d-d8d3d09b6aac,Kareem Hunt,TOLEDO,86,RB,Kansas City Chiefs,2017
https://www.nfl.com/prospects/marlon-mack/32004d41-4333-8783-1057-4314041567c5,Marlon Mack,UNIVERSITY OF SOUTH FLORIDA,132,RB,Indianapolis Colts,2017
https://www.nfl.com/prospects/jeremy-mcnichols/32004d43-4e75-0971-c818-00cfc1798991,Jeremy McNichols,BOISE STATE,146,RB,Tampa Bay Buccaneers,2017
https://www.nfl.com/prospects/samaje-perine/32005045-5209-5343-a8b2-b2085b20ed79,Samaje Perine,OKLAHOMA,103,RB,Washington Commanders,2017
https://www.nfl.com/prospects/tarik-cohen/3200434f-4842-7642-223a-04d61d35fb5c,Tarik Cohen,NORTH CAROLINA A&T,108,RB,Chicago Bears,2017
https://www.nfl.com/prospects/james-conner/3200434f-4e46-1999-59e9-253cedeec3a5,James Conner,PITTSBURGH,105,RB,Pittsburgh Steelers,2017
https://www.nfl.com/prospects/matt-dayes/32004441-5950-6590-6ff5-89131825b5f2,Matt Dayes,N.C. STATE,226,RB,Cleveland Browns,2017
https://www.nfl.com/prospects/wayne-gallman/32004741-4c64-9066-25c6-c9a8be2311bb,Wayne Gallman,CLEMSON,129,RB,New York Giants,2017
https://www.nfl.com/prospects/brian-hill/32004849-4c10-1853-2631-7195c754bf41,Brian Hill,WYOMING,140,RB,Atlanta Falcons,2017
https://www.nfl.com/prospects/joe-williams/32005749-4c38-6826-9a7b-96defdc5168c,Joe Williams,UTAH,110,RB,San Francisco 49ers,2017
https://www.nfl.com/prospects/chris-carson/32004341-5256-8144-487d-eff74f49df34,Chris Carson,OKLAHOMA STATE,223,RB,Seattle Seahawks,2017
https://www.nfl.com/prospects/de-angelo-henderson-sr/32004845-4e05-4848-5be1-eb8e3f08802a,De'Angelo Henderson Sr.,COASTAL CAROLINA,179,RB,Denver Broncos,2017
https://www.nfl.com/prospects/t-j-logan/32004c4f-4776-5234-e831-0a4eaf2326f1,T.J. Logan,NORTH CAROLINA,163,RB,Arizona Cardinals,2017
https://www.nfl.com/prospects/donnel-pumphrey/32005055-4d42-2791-b587-56baa1bdae3e,Donnel Pumphrey,SAN DIEGO STATE,121,RB,Philadelphia Eagles,2017
https://www.nfl.com/prospects/saquon-barkley/32004241-5219-2674-af43-1519254e563d,Saquon Barkley,PENN STATE,2,RB,New York Giants,2018
https://www.nfl.com/prospects/derrius-guice/32004755-4907-4673-ed5d-0dca81c2e6f3,Derrius Guice,LSU,59,RB,Washington Commanders,2018
https://www.nfl.com/prospects/ronald-jones/32004a4f-4e70-5925-2b49-5f67cfbf7e05,Ronald Jones,USC,38,RB,Tampa Bay Buccaneers,2018
https://www.nfl.com/prospects/sony-michel/32004d49-4351-7884-c6be-b720a5a54649,Sony Michel,GEORGIA,31,RB,New England Patriots,2018
https://www.nfl.com/prospects/kerryon-johnson/32004a4f-4839-9188-cb7b-f29b5ea64839,Kerryon Johnson,AUBURN,43,RB,Detroit Lions,2018
https://www.nfl.com/prospects/rashaad-penny/32005045-4e50-4753-3f3f-c08ffd9467b0,Rashaad Penny,SAN DIEGO STATE,27,RB,Seattle Seahawks,2018
https://www.nfl.com/prospects/nick-chubb/32004348-5503-3942-d8b2-181bd658412e,Nick Chubb,GEORGIA,35,RB,Cleveland Browns,2018
https://www.nfl.com/prospects/royce-freeman/32004652-4537-6456-ac22-4a857061d9e4,Royce Freeman,OREGON,71,RB,Denver Broncos,2018
https://www.nfl.com/prospects/nyheim-hines/32004849-4e22-6970-73da-06472dd4984b,Nyheim Hines,N.C. STATE,100,RB,Indianapolis Colts,2018
https://www.nfl.com/prospects/john-kelly/32004b45-4c64-1184-f35f-fa8ffac29350,John Kelly,TENNESSEE,162,RB,Los Angeles Rams,2018
https://www.nfl.com/prospects/bo-scarbrough/32005343-4155-6552-23db-bd78c453b277,Bo Scarbrough,ALABAMA,210,RB,Dallas Cowboys,2018
https://www.nfl.com/prospects/kalen-ballage/32004241-4c60-8677-837d-5f12080d8f67,Kalen Ballage,ARIZONA STATE,127,RB,Miami Dolphins,2018
https://www.nfl.com/prospects/nick-bawden/32004241-5734-6075-a91d-09a2ddc139e7,Nick Bawden,SAN DIEGO STATE,211,RB,Detroit Lions,2018
https://www.nfl.com/prospects/chase-edmonds/32004544-4d18-1116-8de3-583c7ff1d2b8,Chase Edmonds,FORDHAM,130,RB,Arizona Cardinals,2018
https://www.nfl.com/prospects/jaylen-samuels/32005341-4d71-3301-f2ff-d32355fda80f,Jaylen Samuels,N.C. STATE,156,RB,Pittsburgh Steelers,2018
https://www.nfl.com/prospects/mark-walton/32005741-4c80-8914-fd4d-6ca747e909bd,Mark Walton,MIAMI,108,RB,Cincinnati Bengals,2018
https://www.nfl.com/prospects/justin-jackson/32004a41-4328-3219-d5e0-94e7d9512273,Justin Jackson,NORTHWESTERN,225,RB,Los Angeles Chargers,2018
https://www.nfl.com/prospects/jordan-wilkins/32005749-4c08-8337-ca0c-7bfc2f7b2caa,Jordan Wilkins,MISSISSIPPI,160,RB,Indianapolis Colts,2018
https://www.nfl.com/prospects/ito-smith/3200534d-4934-2780-bc1f-aa0a71b0ad00,Ito Smith,SOUTHERN MISSISSIPPI,122,RB,Atlanta Falcons,2018
https://www.nfl.com/prospects/trenton-cannon/32004341-4e67-8301-f62c-beadb4a19a53,Trenton Cannon,VIRGINIA STATE,190,RB,New York Jets,2018
https://www.nfl.com/prospects/josh-jacobs/32004a41-4373-4615-60ca-982d07046841,Josh Jacobs,ALABAMA,24,RB,Las Vegas Raiders,2019
https://www.nfl.com/prospects/david-montgomery/32004d4f-4e48-7374-a044-7fb197b6b501,David Montgomery,IOWA STATE,74,RB,Chicago Bears,2019
https://www.nfl.com/prospects/miles-sanders/32005341-4e15-3567-869d-79c73965b54e,Miles Sanders,PENN STATE,53,RB,Philadelphia Eagles,2019
https://www.nfl.com/prospects/damien-harris/32004841-5231-1469-57ad-03c4e9f5e495,Damien Harris,ALABAMA,88,RB,New England Patriots,2019
https://www.nfl.com/prospects/darrell-henderson/32004845-4e05-4456-6f99-3e76d883b110,Darrell Henderson,MEMPHIS,70,RB,Los Angeles Rams,2019
https://www.nfl.com/prospects/dexter-williams/32005749-4c03-6343-3624-9a83687bd3f7,Dexter Williams,NOTRE DAME,182,RB,Green Bay Packers,2019
https://www.nfl.com/prospects/rodney-anderson/3200414e-4447-1841-e43a-8a52ce91e342,Rodney Anderson,OKLAHOMA,199,RB,Cincinnati Bengals,2019
https://www.nfl.com/prospects/ryquell-armstead/32004152-4d08-7415-19ec-70f8e3f1c566,Ryquell Armstead,TEMPLE,130,RB,Jacksonville Jaguars,2019
https://www.nfl.com/prospects/bryce-love/32004c4f-5604-4766-ac8b-19be320b56b7,Bryce Love,STANFORD,106,RB,Washington Commanders,2019
https://www.nfl.com/prospects/alexander-mattison/32004d41-5459-9622-25bb-238938a4f96b,Alexander Mattison,BOISE STATE,103,RB,Minnesota Vikings,2019
https://www.nfl.com/prospects/devin-singletary/32005349-4e18-6919-d1e6-003f4632ba87,Devin Singletary,FLORIDA ATLANTIC,75,RB,Buffalo Bills,2019
https://www.nfl.com/prospects/trayveon-williams/32005749-4c18-5325-3179-dd521a18c706,Trayveon Williams,TEXAS A&M,169,RB,Cincinnati Bengals,2019
https://www.nfl.com/prospects/myles-gaskin/32004741-5321-1909-2ae0-a123794bf24d,Myles Gaskin,WASHINGTON,212,RB,Miami Dolphins,2019
https://www.nfl.com/prospects/justice-hill/32004849-4c32-6301-179f-7d7fb01289c2,Justice Hill,OKLAHOMA STATE,107,RB,Baltimore Ravens,2019
https://www.nfl.com/prospects/travis-homer/3200484f-4d65-5558-456b-7b9fa9f97090,Travis Homer,MIAMI,192,RB,Seattle Seahawks,2019
https://www.nfl.com/prospects/tony-pollard/3200504f-4c28-3188-35b8-d0ae9db0f68a,Tony Pollard,MEMPHIS,122,RB,Dallas Cowboys,2019
https://www.nfl.com/prospects/benny-snell/3200534e-4530-2466-8118-0bfea2b80406,Benny Snell,KENTUCKY,116,RB,Pittsburgh Steelers,2019
https://www.nfl.com/prospects/mike-weber/32005745-4244-4499-2513-03a5f384271c,Mike Weber,OHIO STATE,196,RB,Dallas Cowboys,2019
https://www.nfl.com/prospects/kerrith-whyte/32005748-5941-5291-6a5c-a47313a7d28d,Kerrith Whyte,FLORIDA ATLANTIC,200,RB,Chicago Bears,2019
https://www.nfl.com/prospects/chandler-cox/3200434f-5815-7463-677e-3e7bd4e6b3d6,Chandler Cox,AUBURN,211,RB,Miami Dolphins,2019
https://www.nfl.com/prospects/d-andre-swift/32005357-4922-8476-53db-e64aaf6e01f5,D'Andre Swift,GEORGIA,35,RB,Detroit Lions,2020
https://www.nfl.com/prospects/jonathan-taylor/32005441-5943-1618-c081-5dd6b2d0b829,Jonathan Taylor,WISCONSIN,41,RB,Indianapolis Colts,2020
https://www.nfl.com/prospects/cam-akers/3200414b-4541-5291-73e4-84e805a9ffce,Cam Akers,FLORIDA STATE,52,RB,Los Angeles Rams,2020
https://www.nfl.com/prospects/clyde-edwards-helaire/32004544-5781-5562-8963-df06e680f700,Clyde Edwards-Helaire,LSU,32,RB,Kansas City Chiefs,2020
https://www.nfl.com/prospects/j-k-dobbins/3200444f-4220-7645-7ee7-94f57d3eed4f,J.K. Dobbins,OHIO STATE,55,RB,Baltimore Ravens,2020
https://www.nfl.com/prospects/zack-moss/32004d4f-5375-6406-2efb-a60ab36c4cc4,Zack Moss,UTAH,86,RB,Buffalo Bills,2020
https://www.nfl.com/prospects/darrynton-evans/32004556-4111-6537-4adc-98552053123e,Darrynton Evans,APPALACHIAN STATE,93,RB,Tennessee Titans,2020
https://www.nfl.com/prospects/aj-dillon/32004449-4c23-7740-624c-afbd67329c54,AJ Dillon,BOSTON COLLEGE,62,RB,Green Bay Packers,2020
https://www.nfl.com/prospects/eno-benjamin/32004245-4e13-1505-4267-e7260b30dd7d,Eno Benjamin,ARIZONA STATE,200,RB,Arizona Cardinals,2020
https://www.nfl.com/prospects/deejay-dallas/32004441-4c41-5290-528d-2115c573d8ed,DeeJay Dallas,MIAMI,134,RB,Seattle Seahawks,2020
https://www.nfl.com/prospects/la-mical-perine/32005045-5209-4283-5343-0dc17857704e,La'Mical Perine,FLORIDA,110,RB,New York Jets,2020
https://www.nfl.com/prospects/anthony-mcfarland/32004d43-4650-9831-455d-4f5daa13de76,Anthony McFarland,MARYLAND,114,RB,Pittsburgh Steelers,2020
https://www.nfl.com/prospects/ke-shawn-vaughn/32005641-5545-8202-856a-988711b103bf,Ke'Shawn Vaughn,VANDERBILT,76,RB,Tampa Bay Buccaneers,2020
https://www.nfl.com/prospects/raymond-calais/32004341-4c04-8278-3ab4-d7a50c7dc4ce,Raymond Calais,LOUISIANA-LAFAYETTE,223,RB,Tampa Bay Buccaneers,2020
https://www.nfl.com/prospects/joshua-kelley/32004b45-4c27-2420-b6d2-7125878e440b,Joshua Kelley,UCLA,102,RB,Los Angeles Chargers,2020
https://www.nfl.com/prospects/jason-huntley/32004855-4e82-0991-c24d-2b6b3dad0477,Jason Huntley,NEW MEXICO STATE,155,RB,Detroit Lions,2020
https://www.nfl.com/prospects/d-andre-swift/32005357-4922-8476-53db-e64aaf6e01f5,D'Andre Swift,GEORGIA,35,RB,Detroit Lions,2021
https://www.nfl.com/prospects/jonathan-taylor/32005441-5943-1618-c081-5dd6b2d0b829,Jonathan Taylor,WISCONSIN,41,RB,Indianapolis Colts,2021
https://www.nfl.com/prospects/cam-akers/3200414b-4541-5291-73e4-84e805a9ffce,Cam Akers,FLORIDA STATE,52,RB,Los Angeles Rams,2021
https://www.nfl.com/prospects/clyde-edwards-helaire/32004544-5781-5562-8963-df06e680f700,Clyde Edwards-Helaire,LSU,32,RB,Kansas City Chiefs,2021
https://www.nfl.com/prospects/j-k-dobbins/3200444f-4220-7645-7ee7-94f57d3eed4f,J.K. Dobbins,OHIO STATE,55,RB,Baltimore Ravens,2021
https://www.nfl.com/prospects/zack-moss/32004d4f-5375-6406-2efb-a60ab36c4cc4,Zack Moss,UTAH,86,RB,Buffalo Bills,2021
https://www.nfl.com/prospects/darrynton-evans/32004556-4111-6537-4adc-98552053123e,Darrynton Evans,APPALACHIAN STATE,93,RB,Tennessee Titans,2021
https://www.nfl.com/prospects/aj-dillon/32004449-4c23-7740-624c-afbd67329c54,AJ Dillon,BOSTON COLLEGE,62,RB,Green Bay Packers,2021
https://www.nfl.com/prospects/eno-benjamin/32004245-4e13-1505-4267-e7260b30dd7d,Eno Benjamin,ARIZONA STATE,200,RB,Arizona Cardinals,2021
https://www.nfl.com/prospects/deejay-dallas/32004441-4c41-5290-528d-2115c573d8ed,DeeJay Dallas,MIAMI,134,RB,Seattle Seahawks,2021
https://www.nfl.com/prospects/la-mical-perine/32005045-5209-4283-5343-0dc17857704e,La'Mical Perine,FLORIDA,110,RB,New York Jets,2021
https://www.nfl.com/prospects/anthony-mcfarland/32004d43-4650-9831-455d-4f5daa13de76,Anthony McFarland,MARYLAND,114,RB,Pittsburgh Steelers,2021
https://www.nfl.com/prospects/ke-shawn-vaughn/32005641-5545-8202-856a-988711b103bf,Ke'Shawn Vaughn,VANDERBILT,76,RB,Tampa Bay Buccaneers,2021
https://www.nfl.com/prospects/raymond-calais/32004341-4c04-8278-3ab4-d7a50c7dc4ce,Raymond Calais,LOUISIANA-LAFAYETTE,223,RB,Tampa Bay Buccaneers,2021
https://www.nfl.com/prospects/joshua-kelley/32004b45-4c27-2420-b6d2-7125878e440b,Joshua Kelley,UCLA,102,RB,Los Angeles Chargers,2021
https://www.nfl.com/prospects/jason-huntley/32004855-4e82-0991-c24d-2b6b3dad0477,Jason Huntley,NEW MEXICO STATE,155,RB,Detroit Lions,2021
https://www.nfl.com/prospects/breece-hall/32004841-4c18-9796-85f0-25933f010ae8,Breece Hall,IOWA STATE,36,RB,New York Jets,2022
https://www.nfl.com/prospects/kenneth-walker-iii/32005741-4c39-1813-7d3e-48047712136d,Kenneth Walker III,MICHIGAN STATE,41,RB,Seattle Seahawks,2022
https://www.nfl.com/prospects/zamir-white/32005748-4960-3663-61e2-3aa5c09bf289,Zamir White,GEORGIA,113,RB,Las Vegas Raiders,2022
https://www.nfl.com/prospects/isaiah-spiller/32005350-4935-8127-e160-a345616324a2,Isaiah Spiller,TEXAS A&M,114,RB,Los Angeles Chargers,2022
https://www.nfl.com/prospects/brian-robinson/3200524f-4273-6177-6c0d-d79eb9d007d1,Brian Robinson,ALABAMA,98,RB,Washington Commanders,2022
https://www.nfl.com/prospects/dameon-pierce/32005049-4524-5478-115c-8ae11dbeefa6,Dameon Pierce,FLORIDA,98,RB,Houston Texans,2022
https://www.nfl.com/prospects/tyrion-davis-price/32004441-5682-2552-baf3-6579c14749f1,Tyrion Davis-Price,LSU,93,RB,San Francisco 49ers,2022
https://www.nfl.com/prospects/kevin-harris/32004841-5245-7260-8be0-ef52c1ce6dea,Kevin Harris,SOUTH CAROLINA,164,RB,New England Patriots,2022
https://www.nfl.com/prospects/james-cook/3200434f-4f15-1970-d2e5-e575c819187c,James Cook,GEORGIA,63,RB,Buffalo Bills,2022
https://www.nfl.com/prospects/tyler-badie/32004241-4468-5229-8c1d-59265ee103fc,Tyler Badie,MISSOURI,178,RB,Baltimore Ravens,2022
https://www.nfl.com/prospects/pierre-strong/32005354-5265-8099-4e5a-fedfdfa80694,Pierre Strong,SOUTH DAKOTA STATE,118,RB,New England Patriots,2022
https://www.nfl.com/prospects/kyren-williams/32005749-4c41-5359-809b-caeaa1db84d0,Kyren Williams,NOTRE DAME,149,RB,Los Angeles Rams,2022
https://www.nfl.com/prospects/rachaad-white/32005748-4939-3110-903e-6b6c868dd3ab,Rachaad White,ARIZONA STATE,91,RB,Tampa Bay Buccaneers,2022
https://www.nfl.com/prospects/tyler-allgeier/3200414c-4c70-2582-4cca-1a2070c9a090,Tyler Allgeier,BYU,136,RB,Atlanta Falcons,2022
https://www.nfl.com/prospects/ty-chandler/32004348-4133-6645-66e1-215e9c59ff5f,Ty Chandler,NORTH CAROLINA,154,RB,Minnesota Vikings,2022
https://www.nfl.com/prospects/snoop-conner/3200434f-4e47-4976-67fa-3e11b58a8850,Snoop Conner,MISSISSIPPI,139,RB,Jacksonville Jaguars,2022
https://www.nfl.com/prospects/jerome-ford/3200464f-5223-4027-cb9f-9f2ae803ccd5,Jerome Ford,CINCINNATI,141,RB,Cleveland Browns,2022
https://www.nfl.com/prospects/trestan-ebner/32004542-4e18-9231-4f25-d77f6f5c137d,Trestan Ebner,BAYLOR,185,RB,Chicago Bears,2022
https://www.nfl.com/prospects/hassan-haskins/32004841-5328-8544-d8b7-95875ddb3ea1,Hassan Haskins,MICHIGAN,122,RB,Tennessee Titans,2022
https://www.nfl.com/prospects/isiah-pacheco/32005041-4357-6791-9031-d5a8938af2e4,Isiah Pacheco,RUTGERS,222,RB,Kansas City Chiefs,2022
https://www.nfl.com/prospects/bijan-robinson/3200524f-4236-8260-6d5f-ae47fe2e0128,Bijan Robinson,TEXAS,8,RB,Atlanta Falcons,2023
https://www.nfl.com/prospects/jahmyr-gibbs/32004749-4219-8578-ca06-2b870fe6f731,Jahmyr Gibbs,ALABAMA,12,RB,Detroit Lions,2023
https://www.nfl.com/prospects/zach-evans/32004556-4181-2057-89cd-cc42654bef9d,Zach Evans,MISSISSIPPI,198,RB,Los Angeles Rams,2023
https://www.nfl.com/prospects/israel-abanikanda/32004142-4115-9567-2e24-0eab29f6a4b9,Israel Abanikanda,PITTSBURGH,136,RB,New York Jets,2023
https://www.nfl.com/prospects/de-von-achane/32004143-4810-3822-6a71-b10965e0a57a,De'Von Achane,TEXAS A&M,85,RB,Miami Dolphins,2023
https://www.nfl.com/prospects/zach-charbonnet/32004348-4154-8773-f098-b6f992d916a2,Zach Charbonnet,UCLA,53,RB,Seattle Seahawks,2023
https://www.nfl.com/prospects/eric-gray/32004752-4165-2870-85bd-e1a472b80efc,Eric Gray,OKLAHOMA,165,RB,New York Giants,2023
https://www.nfl.com/prospects/tyjae-spears/32005350-4511-3961-6914-5e32243e62c5,Tyjae Spears,TULANE,82,RB,Tennessee Titans,2023
https://www.nfl.com/prospects/dewayne-mcbride/32004d43-4237-3490-bbda-1ea9d60ee72b,DeWayne McBride,UAB,197,RB,Minnesota Vikings,2023
https://www.nfl.com/prospects/tank-bigsby/32004249-4773-2544-d042-8e63f2fc44d8,Tank Bigsby,AUBURN,89,RB,Jacksonville Jaguars,2023
https://www.nfl.com/prospects/chase-brown/32004252-4f34-0581-a205-5f41836f80e9,Chase Brown,ILLINOIS,156,RB,Cincinnati Bengals,2023
https://www.nfl.com/prospects/kendre-miller/32004d49-4c36-9085-7b40-672b4733cbc6,Kendre Miller,TCU,72,RB,New Orleans Saints,2023
https://www.nfl.com/prospects/roschon-johnson/32004a4f-4865-2931-d4f5-6e3ddf27f82a,Roschon Johnson,TEXAS,109,RB,Chicago Bears,2023
https://www.nfl.com/prospects/kenny-mcintosh/32004d43-4950-0298-3acc-043d70d34f9d,Kenny McIntosh,GEORGIA,212,RB,Seattle Seahawks,2023
https://www.nfl.com/prospects/deuce-vaughn/32005641-5542-4979-415d-9403ea793f9b,Deuce Vaughn,KANSAS STATE,195,RB,Dallas Cowboys,2023
https://www.nfl.com/prospects/chris-rodriguez-jr/3200524f-4479-7090-bc9d-40ffbbc0f4c6,Chris Rodriguez Jr.,KENTUCKY,176,RB,Washington Commanders,2023
https://www.nfl.com/prospects/evan-hull/32004855-4c08-4697-e160-3c4a9d8ca5e2,Evan Hull,NORTHWESTERN,169,RB,Indianapolis Colts,2023
https://www.nfl.com/prospects/lew-nichols-iii/32004e49-4352-4830-b213-0722421ec562,Lew Nichols III,CENTRAL MICHIGAN,210,RB,Green Bay Packers,2023
https://www.nfl.com/prospects/jonathon-brooks/32004252-4f13-1669-de2f-e975d31892d1,Jonathon Brooks,TEXAS,46,RB,Carolina Panthers,2024
https://www.nfl.com/prospects/jaylen-wright/32005752-4939-8099-f6ee-7772cc125a42,Jaylen Wright,TENNESSEE,116,RB,Miami Dolphins,2024
https://www.nfl.com/prospects/trey-benson/32004245-4e64-9191-567b-28b29177bf93,Trey Benson,FLORIDA STATE,66,RB,Arizona Cardinals,2024
https://www.nfl.com/prospects/marshawn-lloyd/32004c4c-4f67-3464-78d4-33609054aa9a,MarShawn Lloyd,USC,89,RB,Green Bay Packers,2024
https://www.nfl.com/prospects/tyrone-tracy-jr/32005452-4111-6277-e892-3ab02612e4c2,Tyrone Tracy Jr.,PURDUE,159,RB,New York Giants,2024
https://www.nfl.com/prospects/ray-davis/32004441-5663-2804-a8ce-2174ee79562e,Ray Davis,KENTUCKY,124,RB,Buffalo Bills,2024
https://www.nfl.com/prospects/will-shipley/32005348-4938-6967-5869-f740d03ae02a,Will Shipley,CLEMSON,123,RB,Philadelphia Eagles,2024
https://www.nfl.com/prospects/blake-corum/3200434f-5278-3995-2ab1-10c11dc750f2,Blake Corum,MICHIGAN,83,RB,Los Angeles Rams,2024
https://www.nfl.com/prospects/isaac-guerendo/32004755-4554-7677-8f5d-c4e05fdb16a1,Isaac Guerendo,LOUISVILLE,125,RB,San Francisco 49ers,2024
https://www.nfl.com/prospects/braelon-allen/3200414c-4c06-3734-6e11-4c57194f79b4,Braelon Allen,WISCONSIN,130,RB,New York Jets,2024
https://www.nfl.com/prospects/isaiah-davis/32004441-5641-0574-531b-0bc55bd5bc41,Isaiah Davis,SOUTH DAKOTA STATE,166,RB,New York Jets,2024
https://www.nfl.com/prospects/audric-estime/32004553-5461-0772-74c0-fa722e2922d5,Audric Estim√©,NOTRE DAME,140,RB,Denver Broncos,2024
https://www.nfl.com/prospects/dylan-laube/32004c41-5503-7491-8712-116c9eaabb71,Dylan Laube,NEW HAMPSHIRE,192,RB,Las Vegas Raiders,2024
https://www.nfl.com/prospects/rasheen-ali/3200414c-4914-0900-a1c1-afdcb9da9c39,Rasheen Ali,MARSHALL,158,RB,Baltimore Ravens,2024
https://www.nfl.com/prospects/keilan-robinson/3200524f-4259-2180-dcf9-1af0818fa9b7,Keilan Robinson,TEXAS,160,RB,Jacksonville Jaguars,2024
https://www.nfl.com/prospects/jase-mcclellan/32004d43-4338-1205-9802-a1df621d3386,Jase McClellan,ALABAMA,170,RB,Atlanta Falcons,2024
https://www.nfl.com/prospects/bucky-irving/32004952-5673-1762-cc21-a0207d2553dd,Bucky Irving,OREGON,121,RB,Tampa Bay Buccaneers,2024
https://www.nfl.com/prospects/kimani-vidal/32005649-4410-3821-f78f-4dbf76ad9374,Kimani Vidal,TROY,165,RB,Los Angeles Chargers,2024
https://www.nfl.com/prospects/jawhar-jordan/32004a4f-5231-4292-d469-14bbab1f8a0b,Jawhar Jordan,LOUISVILLE,189,RB,Houston Texans,2024
https://www.nfl.com/prospects/sione-vaki/32005641-4b18-9231-3607-fdeb41216406,Sione Vaki,UTAH,128,RB,Detroit Lions,2024
https://www.nfl.com/prospects/ashton-jeanty/32004a45-4142-7291-3a65-da29eaedce27,Ashton Jeanty,BOISE STATE,6,RB,Las Vegas Raiders,2025
https://www.nfl.com/prospects/treveyon-henderson/32004845-4e14-4466-e552-da8f305c6946,TreVeyon Henderson,OHIO STATE,38,RB,New England Patriots,2025
https://www.nfl.com/prospects/omarion-hampton/32004841-4d77-3946-bc04-1f7201601885,Omarion Hampton,NORTH CAROLINA,22,RB,Los Angeles Chargers,2025
https://www.nfl.com/prospects/dylan-sampson/32005341-4d33-8622-de8a-1e3d03b08479,Dylan Sampson,TENNESSEE,120,RB,Cleveland Browns,2025
https://www.nfl.com/prospects/quinshon-judkins/32004a55-4435-9919-355b-3e0aef2de56d,Quinshon Judkins,OHIO STATE,36,RB,Cleveland Browns,2025
https://www.nfl.com/prospects/bhayshul-tuten/32005455-5406-6215-da3b-cbf31441af43,Bhayshul Tuten,VIRGINIA TECH,98,RB,Jacksonville Jaguars,2025
https://www.nfl.com/prospects/kaleb-johnson/32004a4f-4839-8805-a441-bdb3ea3187ea,Kaleb Johnson,IOWA,83,RB,Pittsburgh Steelers,2025
https://www.nfl.com/prospects/jacory-croskey-merritt/32004352-4f39-0640-549c-50768e5c1613,Jacory Croskey-Merritt,ARIZONA,221,RB,Washington Commanders,2025
https://www.nfl.com/prospects/jordan-james/32004a41-4d27-1034-c903-85aadc450efd,Jordan James,OREGON,137,RB,San Francisco 49ers,2025
https://www.nfl.com/prospects/cam-skattebo/3200534b-4157-8439-e202-fa5ff0631271,Cam Skattebo,ARIZONA STATE,99,RB,New York Giants,2025
https://www.nfl.com/prospects/trevor-etienne/32004554-4943-7791-4962-5844d8327012,Trevor Etienne,GEORGIA,108,RB,Carolina Panthers,2025
https://www.nfl.com/prospects/woody-marks/32004d41-5226-2884-e765-cb430266e649,Woody Marks,USC,110,RB,Houston Texans,2025
https://www.nfl.com/prospects/jarquez-hunter/32004855-4e67-1764-a239-a16be34f591e,Jarquez Hunter,AUBURN,111,RB,Los Angeles Rams,2025
https://www.nfl.com/prospects/jaydon-blue/3200424c-5532-6186-a82d-38322b898c1f,Jaydon Blue,TEXAS,140,RB,Dallas Cowboys,2025
https://www.nfl.com/prospects/lequint-allen/3200414c-4c55-7062-57ec-48f10a8ed2dc,LeQuint Allen,SYRACUSE,212,RB,Jacksonville Jaguars,2025
https://www.nfl.com/prospects/damien-martinez/32004d41-5277-7006-810f-dff0455aee93,Damien Martinez,MIAMI,199,RB,Seattle Seahawks,2025
https://www.nfl.com/prospects/brashard-smith/3200534d-4908-2538-e2f9-73c89a5b03c8,Brashard Smith,SMU,204,RB,Kansas City Chiefs,2025
https://www.nfl.com/prospects/ollie-gordon-ii/3200474f-5240-7357-6944-668c800aba72,Ollie Gordon II,OKLAHOMA STATE,163,RB,Miami Dolphins,2025
https://www.nfl.com/prospects/devin-neal/32004e45-4115-6553-b92e-3a97de1d5558,Devin Neal,KANSAS,168,RB,New Orleans Saints,2025
https://www.nfl.com/prospects/dj-giddens/32004749-4427-1611-d63e-c26d3e507e94,DJ Giddens,KANSAS STATE,142,RB,Indianapolis Colts,2025
https://www.nfl.com/prospects/trent-richardson/32005249-4363-5450-8bc3-2b36c458695d,Trent Richardson,ALABAMA,3,RB,Cleveland Browns,2011
https://www.nfl.com/prospects/lamar-miller/32004d49-4c37-3118-7861-c1aecae47732,Lamar Miller,MIAMI,98,RB,Miami Dolphins,2011
https://www.nfl.com/prospects/david-wilson/32005749-4c67-2509-b1da-046246de6e8d,David Wilson,VIRGINIA TECH,32,RB,New York Giants,2011
https://www.nfl.com/prospects/isaiah-pead/32005045-4114-1066-adc8-35b162f3ad72,Isaiah Pead,CINCINNATI,50,RB,Los Angeles Rams,2011
https://www.nfl.com/prospects/lamichael-james/32004a41-4d32-1847-692a-5bba8dbd5b85,LaMichael James,OREGON,61,RB,San Francisco 49ers,2011
https://www.nfl.com/prospects/ronnie-hillman/32004849-4c73-7842-283d-de77179ad3be,Ronnie Hillman,SAN DIEGO STATE,68,RB,Denver Broncos,2011
https://www.nfl.com/prospects/cyrus-gray/32004752-4162-2876-491a-15f53d3f80f1,Cyrus Gray,TEXAS A&M,172,RB,Kansas City Chiefs,2011
https://www.nfl.com/prospects/robert-turbin/32005455-5201-9059-525c-d0a2262319dd,Robert Turbin,UTAH STATE,107,RB,Seattle Seahawks,2011
https://www.nfl.com/prospects/doug-martin/32004d41-5257-8568-7762-30a0bea266f9,Doug Martin,BOISE STATE,31,RB,Tampa Bay Buccaneers,2011
https://www.nfl.com/prospects/chris-rainey/32005241-4959-9645-98dd-77d310ac7075,Chris Rainey,FLORIDA,152,RB,Pittsburgh Steelers,2011
https://www.nfl.com/prospects/dan-herron/32004845-5265-7540-558e-cbb0a1cca7b2,Dan Herron,OHIO STATE,181,RB,Cincinnati Bengals,2011
https://www.nfl.com/prospects/michael-smith/3200534d-4900-0008-2546-bd867df41c22,Michael Smith,UTAH STATE,197,RB,Tampa Bay Buccaneers,2011
https://www.nfl.com/prospects/bernard-pierce/32005049-4519-8196-5b61-2cf8112b464b,Bernard Pierce,TEMPLE,85,RB,Baltimore Ravens,2011
https://www.nfl.com/prospects/terrance-ganaway/32004741-4e08-3327-4996-3397d5b5b96b,Terrance Ganaway,BAYLOR,192,RB,New York Jets,2011
https://www.nfl.com/prospects/vick-ballard/32004241-4c68-7264-6b38-4afb6083767c,Vick Ballard,MISSISSIPPI STATE,163,RB,Indianapolis Colts,2011
https://www.nfl.com/prospects/daryl-richardson/32005249-4340-4335-e751-53bb07ab40bd,Daryl Richardson,ABILENE CHRISTIAN,237,RB,Los Angeles Rams,2011
https://www.nfl.com/prospects/edwin-baker/32004241-4b18-3603-3e25-e9f0ad819943,Edwin Baker,MICHIGAN STATE,235,RB,Los Angeles Chargers,2011
https://www.nfl.com/prospects/bryce-brown/32004252-4f27-9039-f54b-8c9729af0593,Bryce Brown,KANSAS STATE,214,RB,Philadelphia Eagles,2011
https://www.nfl.com/prospects/alfred-morris/32004d4f-5231-7547-8630-5f186da119c2,Alfred Morris,FLORIDA ATLANTIC,163,RB,Washington Commanders,2011
https://www.nfl.com/prospects/trent-richardson/32005249-4363-5450-8bc3-2b36c458695d,Trent Richardson,ALABAMA,3,RB,Cleveland Browns,2012
https://www.nfl.com/prospects/lamar-miller/32004d49-4c37-3118-7861-c1aecae47732,Lamar Miller,MIAMI,98,RB,Miami Dolphins,2012
https://www.nfl.com/prospects/david-wilson/32005749-4c67-2509-b1da-046246de6e8d,David Wilson,VIRGINIA TECH,32,RB,New York Giants,2012
https://www.nfl.com/prospects/isaiah-pead/32005045-4114-1066-adc8-35b162f3ad72,Isaiah Pead,CINCINNATI,50,RB,Los Angeles Rams,2012
https://www.nfl.com/prospects/lamichael-james/32004a41-4d32-1847-692a-5bba8dbd5b85,LaMichael James,OREGON,61,RB,San Francisco 49ers,2012
https://www.nfl.com/prospects/ronnie-hillman/32004849-4c73-7842-283d-de77179ad3be,Ronnie Hillman,SAN DIEGO STATE,68,RB,Denver Broncos,2012
https://www.nfl.com/prospects/cyrus-gray/32004752-4162-2876-491a-15f53d3f80f1,Cyrus Gray,TEXAS A&M,172,RB,Kansas City Chiefs,2012
https://www.nfl.com/prospects/robert-turbin/32005455-5201-9059-525c-d0a2262319dd,Robert Turbin,UTAH STATE,107,RB,Seattle Seahawks,2012
https://www.nfl.com/prospects/doug-martin/32004d41-5257-8568-7762-30a0bea266f9,Doug Martin,BOISE STATE,31,RB,Tampa Bay Buccaneers,2012
https://www.nfl.com/prospects/chris-rainey/32005241-4959-9645-98dd-77d310ac7075,Chris Rainey,FLORIDA,152,RB,Pittsburgh Steelers,2012
https://www.nfl.com/prospects/dan-herron/32004845-5265-7540-558e-cbb0a1cca7b2,Dan Herron,OHIO STATE,181,RB,Cincinnati Bengals,2012
https://www.nfl.com/prospects/michael-smith/3200534d-4900-0008-2546-bd867df41c22,Michael Smith,UTAH STATE,197,RB,Tampa Bay Buccaneers,2012
https://www.nfl.com/prospects/bernard-pierce/32005049-4519-8196-5b61-2cf8112b464b,Bernard Pierce,TEMPLE,85,RB,Baltimore Ravens,2012
https://www.nfl.com/prospects/terrance-ganaway/32004741-4e08-3327-4996-3397d5b5b96b,Terrance Ganaway,BAYLOR,192,RB,New York Jets,2012
https://www.nfl.com/prospects/vick-ballard/32004241-4c68-7264-6b38-4afb6083767c,Vick Ballard,MISSISSIPPI STATE,163,RB,Indianapolis Colts,2012
https://www.nfl.com/prospects/daryl-richardson/32005249-4340-4335-e751-53bb07ab40bd,Daryl Richardson,ABILENE CHRISTIAN,237,RB,Los Angeles Rams,2012
https://www.nfl.com/prospects/edwin-baker/32004241-4b18-3603-3e25-e9f0ad819943,Edwin Baker,MICHIGAN STATE,235,RB,Los Angeles Chargers,2012
https://www.nfl.com/prospects/bryce-brown/32004252-4f27-9039-f54b-8c9729af0593,Bryce Brown,KANSAS STATE,214,RB,Philadelphia Eagles,2012
https://www.nfl.com/prospects/alfred-morris/32004d4f-5231-7547-8630-5f186da119c2,Alfred Morris,FLORIDA ATLANTIC,163,RB,Washington Commanders,2012
https://www.nfl.com/prospects/giovani-bernard/32004245-5221-9765-46d6-1e758159937b,Giovani Bernard,NORTH CAROLINA,37,RB,Cincinnati Bengals,2013
https://www.nfl.com/prospects/eddie-lacy/32004c41-4370-2361-5439-ef33ee80b4df,Eddie Lacy,ALABAMA,61,RB,Green Bay Packers,2013
https://www.nfl.com/prospects/joseph-randle/32005241-4e33-4748-d5c9-3e6d6320c316,Joseph Randle,OKLAHOMA STATE,146,RB,Dallas Cowboys,2013
https://www.nfl.com/prospects/andre-ellington/3200454c-4c16-4917-7ff5-a9acfbf007ba,Andre Ellington,CLEMSON,179,RB,Arizona Cardinals,2013
https://www.nfl.com/prospects/montee-ball/32004241-4c57-2158-8f45-0658120f369a,Montee Ball,WISCONSIN,58,RB,Denver Broncos,2013
https://www.nfl.com/prospects/stepfan-taylor/32005441-5970-0784-1856-0219282330dd,Stepfan Taylor,STANFORD,135,RB,Arizona Cardinals,2013
https://www.nfl.com/prospects/marcus-lattimore/32004c41-5468-2317-bbcb-76a10f6ae89c,Marcus Lattimore,SOUTH CAROLINA,130,RB,San Francisco 49ers,2013
https://www.nfl.com/prospects/johnathan-franklin/32004652-4147-6647-8f38-2b1dc5de8c37,Johnathan Franklin,UCLA,124,RB,Green Bay Packers,2013
https://www.nfl.com/prospects/christine-michael/32004d49-4306-6214-d90e-b7836060961d,Christine Michael,TEXAS A&M,62,RB,Seattle Seahawks,2013
https://www.nfl.com/prospects/le-veon-bell/32004245-4c47-4300-1a03-0d70c9d24d43,Le'Veon Bell,MICHIGAN STATE,48,RB,Pittsburgh Steelers,2013
https://www.nfl.com/prospects/jawan-jamison/32004a41-4d79-9977-b193-d89a6087a901,Jawan Jamison,RUTGERS,214,RB,Washington Commanders,2013
https://www.nfl.com/prospects/mike-gillislee/32004749-4c66-7064-df1f-0e303552f27e,Mike Gillislee,FLORIDA,159,RB,Miami Dolphins,2013
https://www.nfl.com/prospects/kenjon-barner/32004241-5223-6353-7eec-f76b08d3f9a0,Kenjon Barner,OREGON,174,RB,Carolina Panthers,2013
https://www.nfl.com/prospects/zac-stacy/32005354-4110-0025-1cdd-e1520ed3e9cc,Zac Stacy,VANDERBILT,155,RB,Los Angeles Rams,2013
https://www.nfl.com/prospects/rex-burkhead/32004255-5226-8979-d329-833f70d2b628,Rex Burkhead,NEBRASKA,182,RB,Cincinnati Bengals,2013
https://www.nfl.com/prospects/knile-davis/32004441-5651-4200-4a31-feed990c4da9,Knile Davis,ARKANSAS,98,RB,Kansas City Chiefs,2013
https://www.nfl.com/prospects/latavius-murray/32004d55-5267-1046-5487-d03e83f25c8b,Latavius Murray,UCF,173,RB,Las Vegas Raiders,2013
https://www.nfl.com/prospects/spencer-ware/32005741-5237-1408-8eeb-d6f0ad5c88fe,Spencer Ware,LSU,186,RB,Seattle Seahawks,2013
https://www.nfl.com/prospects/kerwynn-williams/32005749-4c40-7286-e05a-a3006220a7c3,Kerwynn Williams,UTAH STATE,216,RB,Indianapolis Colts,2013
https://www.nfl.com/prospects/mike-james/32004a41-4d39-4061-2966-b9fdccd58a4a,Mike James,MIAMI,181,RB,Tampa Bay Buccaneers,2013
https://www.nfl.com/prospects/carlos-hyde/32004859-4440-2541-ab5b-a4d6828a3fe3,Carlos Hyde,OHIO STATE,57,RB,San Francisco 49ers,2014
https://www.nfl.com/prospects/jeremy-hill/32004849-4c40-7410-a042-2e41fafcc5fc,Jeremy Hill,LSU,55,RB,Cincinnati Bengals,2014
https://www.nfl.com/prospects/ka-deem-carey/32004341-5208-5888-3de8-1d9f4ab88ea4,Ka'Deem Carey,ARIZONA,113,RB,Chicago Bears,2014
https://www.nfl.com/prospects/tre-mason/32004d41-5326-9896-60c2-fcddef859aa4,Tre Mason,AUBURN,75,RB,Los Angeles Rams,2014
https://www.nfl.com/prospects/devonta-freeman/32004652-4517-4508-d090-1405fbc174e5,Devonta Freeman,FLORIDA STATE,99,RB,Atlanta Falcons,2014
https://www.nfl.com/prospects/andre-williams/32005749-4c14-2264-4861-9de23cdd2565,Andre Williams,BOSTON COLLEGE,109,RB,New York Giants,2014
https://www.nfl.com/prospects/dri-archer/32004152-4342-5790-eb07-e3abf1efc087,Dri Archer,KENT STATE,97,RB,Pittsburgh Steelers,2014
https://www.nfl.com/prospects/charles-sims/32005349-4d66-9037-7ba3-68002102644f,Charles Sims,WEST VIRGINIA,69,RB,Tampa Bay Buccaneers,2014
https://www.nfl.com/prospects/de-anthony-thomas/32005448-4f09-5665-2ec7-1e2e24294c99,De'Anthony Thomas,OREGON,120,RB,Kansas City Chiefs,2014
https://www.nfl.com/prospects/terrance-west/32005745-5339-5447-4e79-696bc77e8745,Terrance West,TOWSON STATE,94,RB,Cleveland Browns,2014
https://www.nfl.com/prospects/alfred-blue/3200424c-5510-6654-1ff2-5c94a5fcf6a2,Alfred Blue,LSU,165,RB,Houston Texans,2014
https://www.nfl.com/prospects/storm-johnson/32004a4f-4867-6033-7416-4042182072ec,Storm Johnson,UCF,199,RB,Jacksonville Jaguars,2014
https://www.nfl.com/prospects/jerick-mckinnon/32004d43-4b65-6764-e685-6b07f4dbac28,Jerick McKinnon,GEORGIA SOUTHERN,96,RB,Minnesota Vikings,2014
https://www.nfl.com/prospects/bishop-sankey/32005341-4e74-6476-5607-8da05025ab2c,Bishop Sankey,WASHINGTON,54,RB,Tennessee Titans,2014
https://www.nfl.com/prospects/lache-seastrunk/32005345-4166-9210-8a33-e3b767339d4d,Lache Seastrunk,BAYLOR,170,RB,Washington Commanders,2014
https://www.nfl.com/prospects/tyler-gaffney/32004741-4662-9685-8e38-9e660dbcfdf2,Tyler Gaffney,STANFORD,188,RB,Carolina Panthers,2014
https://www.nfl.com/prospects/marion-grice/32004752-4900-0785-6d9c-cdf8efa5c4f4,Marion Grice,ARIZONA STATE,185,RB,Los Angeles Chargers,2014
https://www.nfl.com/prospects/lorenzo-taliaferro/32005441-4c41-3914-1af7-e6cad9da90d0,Lorenzo Taliaferro,COASTAL CAROLINA,134,RB,Baltimore Ravens,2014
https://www.nfl.com/prospects/james-white/32005748-4924-2257-cf66-816145cac5b1,James White,WISCONSIN,126,RB,New England Patriots,2014
https://www.nfl.com/prospects/kiero-small/3200534d-4168-0763-626a-36704d0d6e17,Kiero Small,ARKANSAS,204,RB,Seattle Seahawks,2014
